{"cameraMode":{"drawMode":0,"name":"Shaded","section":"Shading Mode"},"sceneLighting":true,"audioPlay":false,"sceneViewState":{"showFog":true,"showMaterialUpdate":true,"showSkybox":true,"showFlares":true,"showImageEffects":true,"showParticleSystems":true,"showVisualEffectGraphs":true,"m_FxEnabled":true},"in2DMode":false,"pivot":{"x":-4.507761001586914,"y":2.521576166152954,"z":16.880752563476564},"rotation":{"x":-0.04377676919102669,"y":0.029065098613500596,"z":-0.0012739126104861498,"w":-0.9986233711242676},"size":16.82769203186035,"orthographic":false}